Pathway,OC1,OC2,OC3,OC4,OC5,OC6,CC1,CC2,CC3,CC4,CC5,CC6,PC1,PC2,PC3,PC4,PC5,PC6,SUM,Description
ko00230,291028,293660,295541,269937,284116,309284,270973,297233,280516,297162,282037,280348,268464,286043,278925,268456,268978,277403,5100104,Metabolism; Nucleotide metabolism; Purine metabolism
ko00010,274432,279266,284647,258650,268307,286301,253597,275568,266215,289683,267971,274471,260331,277162,270040,252003,256501,270763,4865908,Metabolism; Carbohydrate metabolism; Glycolysis / Gluconeogenesis
ko00620,233716,238279,243677,220759,230145,262923,218034,242135,230964,253594,229374,236274,220628,239407,233396,215824,220177,230180,4199486,Metabolism; Carbohydrate metabolism; Pyruvate metabolism
ko00520,223441,227124,224802,215140,221446,223028,217375,227550,216103,225692,221330,215277,210623,221312,217987,212340,214317,212388,3947275,Metabolism; Carbohydrate metabolism; Amino sugar and nucleotide sugar metabolism
ko00720,210736,214280,220430,199761,204896,212312,191751,219085,206463,223067,203620,213457,203438,222007,207749,189273,195784,205906,3744015,Metabolism; Energy metabolism; Carbon fixation pathways in prokaryotes
ko00240,210086,210307,215383,198727,207973,211039,202231,209287,199235,209769,207354,206158,195311,206486,203075,195408,195157,201462,3684448,Metabolism; Nucleotide metabolism; Pyrimidine metabolism
ko00500,201365,211349,190679,186274,193351,207576,180443,203134,189718,201359,185356,198513,170067,186071,190587,172213,182848,176650,3427553,Metabolism; Carbohydrate metabolism; Starch and sucrose metabolism
ko00270,172536,175200,171863,160335,163562,176489,166113,176571,168487,172482,171249,168085,160306,170530,165234,166945,162940,164393,3033320,Metabolism; Amino acid metabolism; Cysteine and methionine metabolism
ko00550,171152,167951,169462,156601,164934,164913,162274,158756,152227,169159,167642,166894,151920,159737,164967,161293,158113,170093,2938088,Metabolism; Glycan biosynthesis and metabolism; Peptidoglycan biosynthesis
ko00250,162776,164355,162629,151628,154800,170848,145270,166769,159317,163754,148097,150928,151265,163226,155795,151884,151280,152902,2827523,"Metabolism; Amino acid metabolism; Alanine, aspartate and glutamate metabolism"
ko00680,155797,159106,162241,148766,149919,173384,145339,159629,153021,165796,156209,163566,145827,159173,162865,155620,145965,163689,2825912,Metabolism; Energy metabolism; Methane metabolism
ko00030,145162,147196,146273,131273,137650,158616,141007,149818,139376,154031,148102,148931,129069,138990,140425,135499,132047,141592,2565057,Metabolism; Carbohydrate metabolism; Pentose phosphate pathway
ko00260,146103,149261,147154,136007,142248,151196,135232,153422,143683,147431,140103,135939,136747,148336,140225,133767,135532,138128,2560514,"Metabolism; Amino acid metabolism; Glycine, serine and threonine metabolism"
ko00052,135703,144326,132780,127981,129864,135974,131065,141983,130679,137001,134660,134106,124561,131914,129596,126823,125070,126930,2381016,Metabolism; Carbohydrate metabolism; Galactose metabolism
ko00020,124533,128213,129286,121705,123559,131963,115307,130036,126475,130174,117763,118329,124104,132598,122303,115869,119354,121504,2233075,Metabolism; Carbohydrate metabolism; Citrate cycle (TCA cycle)
ko00650,123712,125525,131624,121554,126214,139824,113606,129380,122220,131004,117312,117137,121466,131449,123894,111517,117398,121229,2226065,Metabolism; Carbohydrate metabolism; Butanoate metabolism
ko00710,127168,128265,130267,118172,123093,125720,118762,125793,121121,131111,123931,123942,119251,127004,124044,113474,115692,121275,2218085,Metabolism; Energy metabolism; Carbon fixation in photosynthetic organisms
ko00630,113492,116949,118871,106499,113114,137427,109474,126058,116736,121301,113157,110178,112037,119182,109726,109146,109634,111657,2074638,Metabolism; Carbohydrate metabolism; Glyoxylate and dicarboxylate metabolism
ko00051,114992,115659,113995,106847,108068,114673,107622,117922,113616,115877,110272,109100,111477,113502,111047,109453,109986,111389,2015497,Metabolism; Carbohydrate metabolism; Fructose and mannose metabolism
ko00300,105328,106844,103883,96904,101077,104362,99386,107972,101463,104933,103122,101721,95931,104122,100515,100490,98796,102144,1838993,Metabolism; Amino acid metabolism; Lysine biosynthesis
ko00220,98308,100450,99630,90662,94857,107144,91849,101561,97714,100612,93268,93668,88887,97609,93434,94558,92016,95424,1731651,Metabolism; Amino acid metabolism; Arginine biosynthesis
ko00190,101299,97355,98249,92696,98140,104059,89033,107320,97846,96856,89398,89172,100048,99390,94727,87487,93655,85433,1722163,Metabolism; Energy metabolism; Oxidative phosphorylation
ko00670,94617,98094,97771,89498,92527,93464,92000,98277,92227,96501,95997,95700,89251,97431,91972,88934,88857,89547,1682665,Metabolism; Metabolism of cofactors and vitamins; One carbon pool by folate
ko00040,89326,93707,87708,85235,84452,93403,94828,92671,90018,93775,97247,89866,83387,86144,88412,93079,87531,89122,1619911,Metabolism; Carbohydrate metabolism; Pentose and glucuronate interconversions
ko00640,83291,82660,87519,79902,84098,111681,78416,91674,87031,93844,82265,87422,80344,86270,84233,79122,79840,87292,1546904,Metabolism; Carbohydrate metabolism; Propanoate metabolism
ko00400,79144,78980,80090,73560,76151,85535,80086,82176,79091,79992,80848,78818,72741,77248,76882,80379,76140,78798,1416659,"Metabolism; Amino acid metabolism; Phenylalanine, tyrosine and tryptophan biosynthesis"
ko00541,79242,78960,75593,80695,81723,78313,76444,79891,79153,73358,73663,70339,79745,80360,81461,73998,79311,74081,1396330,Metabolism; Glycan biosynthesis and metabolism; O-Antigen nucleotide sugar biosynthesis
ko00730,76944,76717,76546,73616,72562,70509,77020,72927,73484,73586,78465,78504,71193,71595,72370,70025,72116,71721,1329900,Metabolism; Metabolism of cofactors and vitamins; Thiamine metabolism
ko00760,74317,74881,73166,69827,72463,75304,69486,76296,72392,72573,69791,71093,70131,73310,70568,69822,70604,70224,1296248,Metabolism; Metabolism of cofactors and vitamins; Nicotinate and nicotinamide metabolism
ko00511,74034,79184,73522,74131,69535,56086,72782,78186,74458,70223,70104,65868,80122,80753,71103,66234,69808,69637,1295770,Metabolism; Glycan biosynthesis and metabolism; Other glycan degradation
ko00900,67051,65788,68018,64104,66175,67213,63362,69391,65929,66010,63868,61862,63792,67218,64327,65314,64809,65289,1179520,Metabolism; Metabolism of terpenoids and polyketides; Terpenoid backbone biosynthesis
ko00983,67496,65881,67002,62631,66177,68804,65109,69744,65012,67187,64894,64156,62789,65803,65248,60952,63961,64269,1177115,Metabolism; Xenobiotics biodegradation and metabolism; Drug metabolism - other enzymes
ko00564,64840,65338,65421,58666,61068,66575,65398,68034,63680,65513,66702,67029,61744,61370,62954,64759,62402,63491,1154984,Metabolism; Lipid metabolism; Glycerophospholipid metabolism
ko00770,62717,63575,62286,58914,59825,64661,59003,64774,62064,60293,59531,53797,60939,62838,59022,58172,59920,58377,1090708,Metabolism; Metabolism of cofactors and vitamins; Pantothenate and CoA biosynthesis
ko00061,61322,58014,56920,62205,62007,56920,51313,61278,61232,55457,48427,51109,61026,60932,58041,50076,59680,55632,1031591,Metabolism; Lipid metabolism; Fatty acid biosynthesis
ko00340,57653,59609,57489,53951,56389,61109,57492,60472,59324,57195,56606,55665,53787,57249,55726,56952,56241,56956,1029865,Metabolism; Amino acid metabolism; Histidine metabolism
ko00600,58744,62771,57122,57735,54658,44446,55502,61095,56929,54399,54338,53471,62168,61588,55607,53028,54316,54381,1012298,Metabolism; Lipid metabolism; Sphingolipid metabolism
ko00470,58168,57422,57369,53989,55607,60385,51949,57880,54855,57120,54712,55755,52240,55186,54508,55017,51703,55965,999830,Metabolism; Metabolism of other amino acids; D-Amino acid metabolism
ko00561,54962,55707,56109,48288,51605,64015,56897,57687,52565,56276,59465,60267,45981,49174,51291,52035,50677,51929,974930,Metabolism; Lipid metabolism; Glycerolipid metabolism
ko00450,53074,55905,54789,48459,52371,57910,47768,55112,51142,54073,50791,51270,47262,51190,49460,48045,47487,49375,925483,Metabolism; Metabolism of other amino acids; Selenocompound metabolism
