Name,Histamine,4-Guanidinobutanoic acid,4-Guanidinobutyric acid,Morphine,Normorphine,L-(+)-Citrulline,L-Saccharopine,L-serine,L-Homocystine,Glutaric acid,Vitamin B2,Benzoic acid,Hippuric acid,Phenylglyoxylic acid,LPA 19:0,Tretinoin,Biotin,Hordenine,Metanephrine,Tyramine,"2,6-Xylidine",Folic acid,gamma-Tocopherol,Menaquinone,Adenosine 5'-monophosphate,Docosanoic acid,Lignoceric acid,LPC 15:0,LPE 10:0
OW1,6141828.361,9966838.383,32112970.63,2737115.022,143459.2981,8207680.138,341629.4307,255047.7649,3746283.719,34552322.41,1305527.56,7905410.467,586872.1828,1236243.467,201529.339,6111.172256,64338399.34,8074082.566,333620.338,10756445.72,317628.8941,322265.6027,1331181.099,3271301.317,114065.9486,303322.3731,61758.58901,140244.0561,625740.6205
OW2,8540664.806,19411673.84,102489764.9,1784727.475,109845.2939,459718067.4,843952.9657,5577192.914,205449.8737,201723820.7,12159366.26,15880677.43,2750075.402,2871461.725,201024.1607,197353.1388,5292510.722,4195449.252,1090771.032,7510287.854,233078.6932,536264.2137,3549321.452,3361996.315,4883640.662,524669.3194,98807.91204,1327252.887,485721.9183
OW3,1965492.593,8055613.809,34501575.33,2409433.049,123757.4389,287642867,661158.5057,5771900.724,166287.4743,57395872.76,58447799.2,15212622.43,1464228.28,2597370.954,278085.4013,13948.63791,26251594.12,4301646.969,295509.5486,7848572.776,253881.5616,364663.3967,4451387.683,6390616.627,4044382.611,1363849.495,107518.8714,1643576.147,1515729.507
OW4,3689892.551,46390861.22,138360103.5,2774444.943,374306.1981,49097542.38,467385.2935,333892.8939,1453594.035,241308002.4,38327952.83,13450090.21,976774.4655,2350839.895,2079569.376,10400.68845,49903903.05,3942203.922,835607.9652,8207595.58,238568.756,405167.1041,1347446.657,1307583.063,210453.132,417354.0101,84493.99775,205087.3048,345056.9089
OW8,10925409.89,34792582,152130396.4,1842793.102,99575.57679,180386395.4,659017.7308,2117551.661,138037.0678,416570837.2,5659579.482,18266477.77,1722590.328,3699625.902,587526.5136,16067.67469,4618436.636,118942535.3,1689339.648,7273093.079,179172.4364,374306.0881,6526638.031,16481621.12,11634373.77,1444436.851,243690.1233,2346875.549,1012333.67
OW9,33211058.79,266445851.3,528814290.2,1278207.699,100213.3866,265305137.9,1390442.306,11524879.43,161302.8657,122785661.7,1617684.703,16865147.48,6129049.764,2988728.419,421775.3398,6233444.257,40632044.19,10089550.88,1646537.505,9226200.378,260323.5553,669296.0916,5720268.552,7689133.566,297217.2789,436409.0276,106768.2304,767352.8525,358201.9957
OC1,1955879.763,6645761.086,13890046.77,3130481.129,118718.0886,26260436.3,343791.8412,233700.7728,10525321.26,48121487.17,98200017.89,15450671.98,1352672.117,3010046.843,189461.3627,13387.89352,33592363.82,4509421.546,7170673.54,9730573.191,275554.3292,365254.2524,6750044.999,157055.1723,2092400.164,1247493.22,144350.2475,283091.8049,395793.6855
OC2,1640575.874,5566095.265,17690747.12,2643358.89,96937.06988,65545752.99,351887.9325,402101.0981,10360443.43,59838985.95,97601972.02,19316674.94,1592159.409,3245451.587,596603.1925,12740.59797,26625583.8,4173880.979,225248.3705,8204484.426,211262.2201,304952.6462,8834339.303,532771.4654,3431587.994,541537.1102,123783.3053,200901.6003,385169.5931
OC3,1052555.849,2745579.043,6230226.361,2362890.426,79055.07258,53153074.27,289947.2442,610808.6182,129759.5821,24144568.14,41581263.67,18458611.79,1484670.464,3620023.276,559672.4289,216058.4761,21148749,4865725.252,223272.5603,8408029.103,223816.0396,289508.6552,12150630.28,28625455.61,1382826.53,1164354.248,221942.8306,291765.7289,477860.2244
OC4,3089274.271,4646038.309,8537750.881,2231532.016,77049.83182,41584384.55,263184.4261,1002714.458,110396.4978,39223588.84,4303675.436,21269779.27,1712792.284,3997213.342,1747283.865,16822.97831,16622591.45,4376069.019,11186803.03,8952893.35,178850.7418,233433.2851,5358692.529,58163465.88,1107094.006,1344697.75,207206.5354,358578.643,590292.9416
OC5,918653.1325,5092168.775,9928480.643,5697967.848,93584.35215,34078405.45,329392.883,489621.0341,145830.175,21849605.39,11195282.03,19167453.77,3947366.265,4229874.974,1080252.985,550378.368,16053581.32,7356504.494,216533.2624,9289019.511,246727.8768,340804.1877,2759391.679,12008510.49,1791598.879,2468289.962,123821.5162,271986.3669,591112.0689
OC6,3348011.826,11732141.69,41878443.66,1875449.887,92042.28031,68291377.25,362458.5185,640728.6323,7982298.421,108876237.1,31144372.75,19836381.9,1715596.202,4254836.016,1247643.114,10820405.65,11134622.02,4901120.24,213377.9771,8136421.529,154652.3882,215877.3692,14211460.89,58085307.46,2983348.964,423557.2274,190112.2212,248418.8443,495074.039
CW1,4858216.081,15442308.13,39789418.24,5615168.777,224651.4087,389318469.2,12932783.51,7621158.299,457767.9266,262920477.1,7748849.633,18730114.06,2131911.812,3327477.587,233894.246,16391.65371,6595992.409,183446186.2,6842398.405,117364935.6,375700.4308,8286524.325,992251.9905,4360672.021,5570369.505,5641173.36,502084.9155,374867.8736,544900.1042
CW2,3850908.792,22099040.11,78279646.95,7078910.04,444002.5906,243601510.6,1222513.124,6180045.789,658157.6285,292006005.2,10302056.57,13025240.87,1141055.149,2895833.716,201698.0675,14240.76329,2305255.675,211668830.5,11694360.05,155559682.8,504523.5034,33828415.53,1728097.335,394088.3871,18081892.6,1938437.642,494538.6645,639152.9802,3203316.603
CW3,26052511.38,78298015.83,274200252.5,209669227.1,1711440.747,338975985.5,1208637.213,5543057.619,382460.5674,298588811.9,2723874.607,128715185.8,7733379.487,7244822.136,667773.639,17978.80988,1495327.084,6424801.563,383546.5258,9599935.141,588213.5014,759304.802,2413945.731,13634552.06,9325381.794,14436128.67,1259564.386,2155187.785,1233860.606
CW5,19882213.97,72794899.21,206009389.2,129050456.2,2348591.273,243874325.2,876060.3877,3639746.162,317185.7146,529573244.8,3542791.102,245876688.8,6888957.348,6157709.347,477547.7189,8597453.708,1355980.232,6182069.943,3934512.547,7957442.21,484267.4104,625124.3287,3553176.171,37975795.02,4200245.279,4682056.431,677220.2086,1845685.155,545746.754
CW7,1203884.625,5015226.033,18416702.98,4982201.888,359838.8513,117644217.7,620186.2237,1399547.391,238849.3612,260311301.6,31287149.29,14756764.65,1287526.488,2574348.39,188423.1876,13915.90035,8242728.694,145472566.2,7384235.713,320656877.5,1432889.543,6594901.959,5660051.902,302380.8318,24505773.12,12428544.49,175571.3155,614135.4685,629984.6934
CW8,786254.7641,4517406.046,11609404.49,20200767.53,316820.1606,146752474.7,607248.2712,2117925.341,235268.478,238740307.4,38964834.87,15087603.89,1340326.32,2755091.284,165817.9956,10409879.34,7569720.21,125236271.6,6380187.039,263092364.8,1201610.734,7870732.695,8487945.917,399814.4655,20956991.68,10732514.94,170716.0437,412809.4538,874054.204
CC1,13869678.02,54988296.32,114645785.8,9548896.943,151750.0041,18132146.31,741131.7432,627332.6157,774747.2661,400615439.3,9902529.825,15153510.91,1487608.417,2865522.661,222034.193,14682.18334,6733003.537,22378206.07,10444797.38,11528936.17,1141271.902,562911.0366,5531407.836,206472.488,4069809.016,1669570.21,244492.1277,259281.963,454251.8486
CC2,11385568.65,20687189.75,40350787.9,1584131.993,79599.85454,6695234.491,316377.8285,151543.6488,150276.2297,184650756.8,2007056.868,20131047.18,1376424.259,3227905.742,1895234.556,9861478.483,17030837.34,34639601.73,215752.4212,7370741.589,244406.4149,403554.75,6564990.919,37755649.61,779858.9836,998421.1953,370684.544,285255.1452,555951.8693
CC3,11927085.85,14674733.71,35890420.55,1741877.602,77675.22576,10653220.16,439291.245,178115.596,140725.1454,150145557,2967441.068,18500760.33,1364039.227,2889549.136,1120029.486,14414.838,19289365.61,30775323.32,5013075.529,8020505.166,240314.6652,525537.2887,3489669.686,10488726.28,249528.6776,1174499.169,277393.4491,166437.9605,516835.424
CC4,6189964.515,20003855.33,36166450.99,1520504.061,67224.79723,16892800.7,286972.6727,331405.8662,127756.082,160324588.5,4946325.985,24530856.81,1556366.091,4316587.01,2456497.923,19995.80098,11281678.35,11858109.04,2370587.572,7856451.453,205662.6106,334515.339,10155199.8,30051822.05,6307315.76,1396041.13,480625.3546,362848.8291,550717.0544
CC5,14730020.92,59093668.67,139530845.6,8360432.871,251507.6129,19016781.52,698440.5695,439392.6825,467580.8378,428678012.1,8764984.216,14768228.94,1417501.428,2842672.815,206916.7813,15477.43132,6473898.988,22929104.88,5434214.017,9914664.718,1104101.852,507777.0824,6929775.625,226639.3161,4425510.445,2604364.592,279654.7491,292620.8261,445858.8981
CC6,27048592.93,59360156.39,191422044.6,16019035.85,142423.494,7684296.92,758994.296,857956.5696,182657.2042,204601562.1,2581537.077,12698824.94,1145742.084,2753835.215,171318.9312,12378.9012,5085784.862,77557601.99,4544663.084,98042104.78,287709.6091,487498.1595,3676087.876,497398.2855,1056725.052,2732724.813,582696.0174,191854.6005,418288.8989
PW7,32792996.08,78718241.37,264457055.4,1593715.164,109295.1101,67189179.52,620970.757,1147372.109,1595943.722,239476233,1525629.1,22641861.56,5475347.253,4507550.079,1234102.401,17978.54353,1079447.499,4449741.529,475317.9625,7887595.348,253550.3571,351777.0239,5563205.347,168715379.9,19647626.35,549105.4838,145772.4939,4021301.871,5597716.895
PW8,33761178.08,85197794.25,265350061.3,1675983.821,103709.513,104098343.7,635464.8107,1709681.38,5384999.055,278954441.5,1511996.778,23982019.27,6773955.286,4708532.229,1346879.975,19220.60331,1098629.613,4394898.098,4518933.535,7977182.762,247880.7626,354600.3524,13442760.92,197426199.8,18134871.77,460708.2756,127984.1694,3608362.556,4281840.49
PW9,17672601.23,33127864.61,113107472.5,3496209.233,88059.62288,62290115.2,567876.4889,779585.941,806380.9766,355555979.8,1587052.899,22253509.09,4666927.396,3818985.919,1361940.352,16564.32466,1076312.773,3941458.914,236909.8683,7325113.692,271038.4422,365116.462,6559423.179,290033342.7,8515687.939,628426.3927,138795.3997,3102739.126,3526694.961
PW10,17052694.49,33904008.33,91942998.96,2140437.673,97750.58162,123287675,622906.3318,2088131.607,625445.7228,365327231.5,1490612.212,27225429.26,3582352.12,4282993.082,1418937.739,20710.14613,1125392.91,4845777.782,273238.6835,9033023.893,268702.7855,410064.7196,10277667.77,222888026.1,18763872.96,1410404.868,141414.1436,2157932.702,3816155.42
PW11,14430801.41,34616347.26,81709693.04,2157840.616,107109.1314,72226020.06,536727.6297,1022302.903,1667008.148,278943165.5,1508287.51,22755853.14,3297540.184,4178132.271,1680791.274,19030.68692,2404215.414,5159975.255,3605475.526,8030429.134,264839.5808,345158.3732,8470019.684,149986692.3,9062659.767,980227.6089,147100.9962,2323549.29,2419085.013
PW12,15535094.81,34596665.98,98436200.71,2010589.872,87129.68744,105718552.7,546724.5432,1322408.576,981966.2944,308402582.4,1622443.547,23856193.47,3468431.7,4142349.388,1650858.789,19564.87076,1095507.526,4312885.51,242174.0838,7810341.532,254514.5358,351219.6752,8825548.164,174792227,17288068.06,808340.7925,156606.2752,2285051.662,4537637.204
PC7,8744087.945,14740367.74,31456823.77,1524259.978,71193.54343,37143911.94,328463.6464,957786.7714,119760.7673,219531443.8,3900726.254,31581207.99,1784569.235,4652149.821,11349656.85,18272.21097,12844897.99,3822560.615,170194.8765,8707455.212,182846.3074,252150.9965,5752225.979,460392134.1,3389151.54,694648.7657,184672.9181,296331.3722,564413.6679
PC8,5368694.047,8633708.658,20969379.46,32762238.96,78397.54123,57480641,367895.154,1557174.856,140288.3248,91455488.47,3808101.308,34522863.62,2019590.714,4679616.585,8781154.614,29713612.85,14921165.51,4030212.306,188800.3266,9085592.783,214187.0224,291472.9097,2662061.1,319133451.6,1404238.128,660838.7203,126203.7155,295852.7393,539847.2157
PC9,5456527.484,8910860.166,17829479.44,1506934.486,73902.46223,71149770.67,344348.8417,2507953.42,116214.1288,125395820.2,2042591.198,36530439.92,1854176.991,5067346.9,6784030.588,31413792.43,12595864.95,3513066.482,163823.0715,8188795.208,177431.4308,282329.925,4875466.187,517506929,1069953.465,1715295.82,162797.8611,687788.3098,552745.2029
PC10,5718548.783,14891644.17,38387406.41,146247836.1,45990368.98,40867056.84,39349865.31,886346.0509,633948.955,41408895.35,10340898.16,95454288.73,9772237.995,13251205.41,845797.9619,8355341.561,4826842.347,9937026.1,1925898.736,9284349.485,1144895.564,1477906.742,8479129.415,56640723.89,4047908.519,2516315.714,204400.1083,209175.9942,486695.3531
PC11,7897365.409,15522731.51,40984101.84,138135582.3,67756523.26,33609635.16,41297406.09,1056463.931,675430.6657,42888854.09,29498106.86,85676729.09,10430129.94,17556516.92,838903.2486,15164.87214,8258167.745,8999111.417,2220326.21,8895927.825,1061580.655,1370358.36,3849888.379,16103189.59,2486427.975,4511616.309,183049.9976,227013.5243,470792.5033
PC12,3392483.76,13949071.66,21859614.36,124902083.3,46988708.43,65320407.4,27971990.94,1035928.802,555812.7033,50073773.39,10106452.77,96445520.42,7158678.451,16895983.3,684047.6544,9314375.414,8900357.491,7005638.614,2315689.572,6409329.813,1010703.788,1304683.143,5050787.657,46151652.16,2849882.138,1623572.298,112268.7165,232517.4015,499458.973
