bray_curtis,OW1,OW2,OW3,OW4,OW5,OW6,OW7,OW8,OW9,OW10,OW11,OW12,CW1,CW2,CW3,CW4,CW5,CW6,CW7,CW8,CW9,CW10,CW11,CW12,PW1,PW2,PW3,PW4,PW5,PW6,PW7,PW8,PW9,PW10,PW11,PW12
OW1,0,0.585,0.421,0.285,0.331,0.458,0.431,0.562,0.532,0.589,0.546,0.546,0.863,0.917,0.624,0.908,0.623,0.933,0.911,0.904,0.899,0.907,0.617,0.62,0.76,0.883,0.954,0.623,0.938,0.727,0.614,0.606,0.639,0.605,0.635,0.611
OW2,0.585,0,0.583,0.582,0.548,0.539,0.575,0.538,0.54,0.528,0.449,0.531,0.531,0.908,0.58,0.904,0.603,0.917,0.919,0.905,0.909,0.905,0.607,0.628,0.721,0.879,0.947,0.612,0.914,0.697,0.468,0.492,0.567,0.596,0.599,0.574
OW3,0.421,0.583,0,0.533,0.54,0.484,0.482,0.597,0.581,0.615,0.549,0.578,0.719,0.919,0.659,0.908,0.689,0.923,0.917,0.903,0.906,0.907,0.689,0.703,0.71,0.844,0.921,0.656,0.899,0.691,0.68,0.676,0.693,0.685,0.685,0.667
OW4,0.285,0.582,0.533,0,0.259,0.421,0.504,0.483,0.461,0.496,0.469,0.463,0.887,0.93,0.543,0.928,0.543,0.939,0.93,0.922,0.915,0.917,0.54,0.545,0.763,0.877,0.956,0.536,0.93,0.731,0.539,0.536,0.552,0.554,0.547,0.531
OW5,0.331,0.548,0.54,0.259,0,0.288,0.525,0.317,0.29,0.323,0.284,0.301,0.833,0.911,0.376,0.897,0.381,0.928,0.907,0.901,0.899,0.9,0.371,0.383,0.727,0.87,0.937,0.516,0.914,0.708,0.46,0.487,0.39,0.539,0.424,0.383
OW6,0.458,0.539,0.484,0.421,0.288,0,0.424,0.188,0.261,0.193,0.237,0.175,0.799,0.885,0.242,0.878,0.278,0.906,0.882,0.867,0.869,0.878,0.258,0.283,0.734,0.851,0.928,0.511,0.906,0.703,0.448,0.473,0.293,0.528,0.407,0.365
OW7,0.431,0.575,0.482,0.504,0.525,0.424,0,0.443,0.452,0.471,0.456,0.45,0.846,0.928,0.552,0.916,0.575,0.941,0.903,0.864,0.883,0.891,0.533,0.552,0.713,0.832,0.906,0.541,0.882,0.68,0.558,0.552,0.576,0.564,0.565,0.54
OW8,0.562,0.538,0.597,0.483,0.317,0.188,0.443,0,0.253,0.0993,0.185,0.0481,0.83,0.92,0.193,0.908,0.202,0.934,0.9,0.867,0.884,0.894,0.171,0.185,0.699,0.825,0.896,0.516,0.869,0.665,0.464,0.489,0.242,0.535,0.414,0.377
OW9,0.532,0.54,0.581,0.461,0.29,0.261,0.452,0.253,0,0.269,0.226,0.239,0.771,0.917,0.367,0.903,0.388,0.93,0.877,0.846,0.861,0.88,0.345,0.373,0.668,0.832,0.906,0.407,0.875,0.592,0.458,0.484,0.403,0.546,0.425,0.369
OW10,0.589,0.528,0.615,0.496,0.323,0.193,0.471,0.0993,0.269,0,0.209,0.115,0.829,0.927,0.197,0.914,0.213,0.937,0.903,0.868,0.887,0.89,0.175,0.206,0.672,0.809,0.869,0.496,0.842,0.638,0.44,0.465,0.242,0.523,0.4,0.355
OW11,0.546,0.449,0.549,0.469,0.284,0.237,0.456,0.185,0.226,0.209,0,0.168,0.751,0.907,0.314,0.903,0.34,0.925,0.901,0.867,0.882,0.891,0.304,0.326,0.62,0.783,0.848,0.512,0.81,0.592,0.424,0.449,0.312,0.511,0.389,0.346
OW12,0.546,0.531,0.578,0.463,0.301,0.175,0.45,0.0481,0.239,0.115,0.168,0,0.833,0.919,0.196,0.909,0.22,0.929,0.904,0.869,0.886,0.893,0.19,0.21,0.701,0.83,0.902,0.519,0.872,0.668,0.467,0.492,0.244,0.539,0.419,0.379
CW1,0.863,0.531,0.719,0.887,0.833,0.799,0.846,0.83,0.771,0.829,0.751,0.833,0,0.647,0.838,0.638,0.866,0.677,0.665,0.656,0.675,0.688,0.851,0.882,0.775,0.893,0.93,0.861,0.862,0.781,0.732,0.758,0.838,0.872,0.873,0.843
CW2,0.917,0.908,0.919,0.93,0.911,0.885,0.928,0.92,0.917,0.927,0.907,0.919,0.647,0,0.865,0.141,0.86,0.176,0.19,0.19,0.194,0.142,0.897,0.916,0.887,0.959,0.969,0.874,0.93,0.898,0.867,0.861,0.883,0.877,0.878,0.859
CW3,0.624,0.58,0.659,0.543,0.376,0.242,0.552,0.193,0.367,0.197,0.314,0.196,0.838,0.865,0,0.897,0.0713,0.922,0.921,0.904,0.909,0.904,0.176,0.215,0.749,0.885,0.948,0.411,0.928,0.719,0.378,0.36,0.131,0.415,0.307,0.281
CW4,0.908,0.904,0.908,0.928,0.897,0.878,0.916,0.908,0.903,0.914,0.903,0.909,0.638,0.141,0.897,0,0.898,0.236,0.243,0.233,0.244,0.179,0.882,0.923,0.899,0.948,0.965,0.914,0.938,0.912,0.916,0.91,0.933,0.927,0.93,0.909
CW5,0.623,0.603,0.689,0.543,0.381,0.278,0.575,0.202,0.388,0.213,0.34,0.22,0.866,0.86,0.0713,0.898,0,0.916,0.923,0.917,0.911,0.907,0.135,0.177,0.744,0.887,0.949,0.436,0.924,0.714,0.363,0.37,0.142,0.426,0.325,0.29
CW6,0.933,0.917,0.923,0.939,0.928,0.906,0.941,0.934,0.93,0.937,0.925,0.929,0.677,0.176,0.922,0.236,0.916,0,0.141,0.148,0.109,0.14,0.914,0.939,0.926,0.951,0.969,0.938,0.937,0.929,0.916,0.912,0.934,0.93,0.929,0.917
CW7,0.911,0.919,0.917,0.93,0.907,0.882,0.903,0.9,0.877,0.903,0.901,0.904,0.665,0.19,0.921,0.243,0.923,0.141,0,0.0549,0.0746,0.129,0.879,0.904,0.912,0.929,0.946,0.915,0.932,0.913,0.918,0.911,0.939,0.931,0.933,0.907
CW8,0.904,0.905,0.903,0.922,0.901,0.867,0.864,0.867,0.846,0.868,0.867,0.869,0.656,0.19,0.904,0.233,0.917,0.148,0.0549,0,0.073,0.132,0.866,0.908,0.893,0.918,0.934,0.917,0.92,0.894,0.922,0.915,0.944,0.935,0.936,0.911
CW9,0.899,0.909,0.906,0.915,0.899,0.869,0.883,0.884,0.861,0.887,0.882,0.886,0.675,0.194,0.909,0.244,0.911,0.109,0.0746,0.073,0,0.101,0.865,0.894,0.906,0.924,0.95,0.91,0.935,0.907,0.915,0.907,0.936,0.928,0.93,0.904
CW10,0.907,0.905,0.907,0.917,0.9,0.878,0.891,0.894,0.88,0.89,0.891,0.893,0.688,0.142,0.904,0.179,0.907,0.14,0.129,0.132,0.101,0,0.865,0.898,0.909,0.925,0.96,0.907,0.942,0.91,0.906,0.896,0.925,0.917,0.919,0.892
CW11,0.617,0.607,0.689,0.54,0.371,0.258,0.533,0.171,0.345,0.175,0.304,0.19,0.851,0.897,0.176,0.882,0.135,0.914,0.879,0.866,0.865,0.865,0,0.125,0.726,0.853,0.919,0.504,0.902,0.691,0.415,0.429,0.243,0.518,0.417,0.375
CW12,0.62,0.628,0.703,0.545,0.383,0.283,0.552,0.185,0.373,0.206,0.326,0.21,0.882,0.916,0.215,0.923,0.177,0.939,0.904,0.908,0.894,0.898,0.125,0,0.761,0.875,0.949,0.532,0.922,0.725,0.477,0.504,0.248,0.546,0.424,0.396
PW1,0.76,0.721,0.71,0.763,0.727,0.734,0.713,0.699,0.668,0.672,0.62,0.701,0.775,0.887,0.749,0.899,0.744,0.926,0.912,0.893,0.906,0.909,0.726,0.761,0,0.497,0.556,0.522,0.48,0.157,0.617,0.618,0.696,0.638,0.644,0.601
PW2,0.883,0.879,0.844,0.877,0.87,0.851,0.832,0.825,0.832,0.809,0.783,0.83,0.893,0.959,0.885,0.948,0.887,0.951,0.929,0.918,0.924,0.925,0.853,0.875,0.497,0,0.13,0.742,0.237,0.486,0.801,0.805,0.85,0.793,0.8,0.775
PW3,0.954,0.947,0.921,0.956,0.937,0.928,0.906,0.896,0.906,0.869,0.848,0.902,0.93,0.969,0.948,0.965,0.949,0.969,0.946,0.934,0.95,0.96,0.919,0.949,0.556,0.13,0,0.82,0.22,0.548,0.862,0.861,0.92,0.852,0.874,0.841
PW4,0.623,0.612,0.656,0.536,0.516,0.511,0.541,0.516,0.407,0.496,0.512,0.519,0.861,0.874,0.411,0.914,0.436,0.938,0.915,0.917,0.91,0.907,0.504,0.532,0.522,0.742,0.82,0,0.762,0.46,0.358,0.316,0.391,0.306,0.31,0.311
PW5,0.938,0.914,0.899,0.93,0.914,0.906,0.882,0.869,0.875,0.842,0.81,0.872,0.862,0.93,0.928,0.938,0.924,0.937,0.932,0.92,0.935,0.942,0.902,0.922,0.48,0.237,0.22,0.762,0,0.456,0.821,0.824,0.882,0.821,0.83,0.792
PW6,0.727,0.697,0.691,0.731,0.708,0.703,0.68,0.665,0.592,0.638,0.592,0.668,0.781,0.898,0.719,0.912,0.714,0.929,0.913,0.894,0.907,0.91,0.691,0.725,0.157,0.486,0.548,0.46,0.456,0,0.588,0.585,0.672,0.608,0.615,0.576
PW7,0.614,0.468,0.68,0.539,0.46,0.448,0.558,0.464,0.458,0.44,0.424,0.467,0.732,0.867,0.378,0.916,0.363,0.916,0.918,0.922,0.915,0.906,0.415,0.477,0.617,0.801,0.862,0.358,0.821,0.588,0,0.0896,0.279,0.317,0.267,0.238
PW8,0.606,0.492,0.676,0.536,0.487,0.473,0.552,0.489,0.484,0.465,0.449,0.492,0.758,0.861,0.36,0.91,0.37,0.912,0.911,0.915,0.907,0.896,0.429,0.504,0.618,0.805,0.861,0.316,0.824,0.585,0.0896,0,0.274,0.272,0.256,0.228
PW9,0.639,0.567,0.693,0.552,0.39,0.293,0.576,0.242,0.403,0.242,0.312,0.244,0.838,0.883,0.131,0.933,0.142,0.934,0.939,0.944,0.936,0.925,0.243,0.248,0.696,0.85,0.92,0.391,0.882,0.672,0.279,0.274,0,0.356,0.234,0.211
PW10,0.605,0.596,0.685,0.554,0.539,0.528,0.564,0.535,0.546,0.523,0.511,0.539,0.872,0.877,0.415,0.927,0.426,0.93,0.931,0.935,0.928,0.917,0.518,0.546,0.638,0.793,0.852,0.306,0.821,0.608,0.317,0.272,0.356,0,0.177,0.294
PW11,0.635,0.599,0.685,0.547,0.424,0.407,0.565,0.414,0.425,0.4,0.389,0.419,0.873,0.878,0.307,0.93,0.325,0.929,0.933,0.936,0.93,0.919,0.417,0.424,0.644,0.8,0.874,0.31,0.83,0.615,0.267,0.256,0.234,0.177,0,0.143
PW12,0.611,0.574,0.667,0.531,0.383,0.365,0.54,0.377,0.369,0.355,0.346,0.379,0.843,0.859,0.281,0.909,0.29,0.917,0.907,0.911,0.904,0.892,0.375,0.396,0.601,0.775,0.841,0.311,0.792,0.576,0.238,0.228,0.211,0.294,0.143,0
