Genus,OW-a,OW-b,OW-c,OW-d,OW-e,OW-f,OW-g,OW-h,OW-i,OW-j,OW-k,OW-l,OC-a,OC-b,OC-c,OC-d,OC-e,OC-f,OC-g,OC-h,OC-i,OC-j,OC-k,OC-l
Unassigned,17.4,18.2,13.3,4.26,11.5,8.05,10.8,8.95,8.33,11.7,23.9,11,11.5,12.6,13.2,15.7,8.93,10,10.8,7.67,8.06,15.3,11.2,10.1
Ruminococcaceae_UCG-010,0.873,2.89,3.8,0.0373,3.75,1.82,4.33,2.65,0.0187,2.72,3.13,3.05,6.62,7.34,8.27,6.26,1.43,5.46,5.31,2.37,2.64,1.68,2.39,2.43
Christensenellaceae_R-7_group,7,4.96,3.74,0.0653,3.35,3.4,2.85,4.41,0.481,8.55,4.74,6.71,2.73,3.57,2.15,4.09,5.66,3.19,3.67,4.3,6.97,3.55,4.46,5.69
Ruminococcaceae_UCG-013,0.42,7.35,4.75,0.00467,6.63,4.56,4.65,2.55,0.098,3.7,6.65,4.12,3.27,4.45,3.76,2.82,4.19,4.4,5.13,8.22,4.54,3.61,5.39,4.95
Ruminococcaceae_UCG-014,1.16,4.78,5.7,0.0887,5.24,8.93,1.58,1.14,0.0513,1.31,1.75,2.2,1.47,1.82,2.51,1.12,4.26,1.53,1.41,3.28,1.64,1.72,2.48,2.21
Rikenellaceae_RC9_gut_group,0,12.1,11.1,0.21,6.91,8.63,8.51,15.5,0,7.43,10.7,11.3,13.9,7.97,11.8,18.1,18.1,16.1,10.7,11.3,11.1,10.3,12.9,13
Ruminococcaceae_UCG-005,22.9,8.41,10.8,0.117,15,6.33,11.2,25.3,5.83,17.2,7.98,15,11.6,11.8,12,10.4,12,12.8,17.1,14.5,14.8,11.5,11.9,14.9
[Eubacterium]_coprostanoligenes_group,1.41,11,5.42,0.182,6.32,6.82,5.33,4.98,4.27,9.16,9.19,10.1,4.8,4.71,3.85,4.99,4.43,7.29,4.03,5.93,4.51,5.89,4.91,4.68
Bacteroides,10.2,1.94,10.2,1.11,8.08,3.92,6.22,3.7,33.8,3.07,5.53,6.37,4.38,4.67,8.72,7.57,7.16,8.22,6.57,5.56,9.27,9.44,9.19,5.91
Lachnospiraceae_NK4A136_group,0.555,1.14,1.21,0,3.42,1.47,2.38,3.43,0.77,3.42,1.41,4.15,1.84,1.11,0.943,2.83,1.18,0.915,0.915,1.03,1.19,2.84,3.34,3.06
Ruminiclostridium_5,0.378,1.42,1.94,0.00933,1.3,1.41,3.23,1.09,0.126,1.09,1.27,1.83,0.639,1.04,0.971,0.775,0.826,1.14,1.27,1.11,0.863,0.859,1.11,1.14
Ruminococcaceae_NK4A214_group,0.224,0.611,1.03,1.7,1.26,0.448,0.579,0.401,0.117,0.971,0.579,0.658,0.443,0.817,0.681,0.523,0.854,0.807,0.751,0.938,1.09,0.565,0.635,0.952
Alistipes,7.77,0.905,7.4,0.429,2.48,3.11,10.7,3.63,12.5,3.57,1.59,6.08,2.62,2.31,4.09,3.49,1.33,4,3.58,2.54,3.96,2.94,5.08,1.4
Candidatus_Saccharimonas,0.173,0.364,0.621,0.835,0.387,0.191,0.0887,0.159,2.72,0.159,0.448,0.257,0.0933,0.257,0.14,0.028,0.817,0.261,0.621,1.2,0.289,0.299,0.196,0.415
Phocaeicola,0,0.187,0.0747,0.0467,0.532,0.163,1.99,0.00467,0,0.173,0.695,0,2.13,2.23,2.03,0.751,0.191,1.56,2.37,0.495,2.73,0.691,0.0747,2.05
Anaerotruncus,0.0187,0.425,0.537,0,0.261,0.145,0.406,0.187,0.0373,0.411,0.285,0.229,0.579,0.397,0.252,0.275,0.485,0.49,0.523,0.322,0.392,0.429,0.355,0.392
Prevotellaceae_UCG-004,3.02,0.737,3.01,0.0747,4.97,5.96,1.06,0.0747,0,1.92,0.891,0.131,2.49,3.05,2.22,6.4,4.93,4.47,3.72,4.71,3.86,4.16,4.37,1.47
dgA-11_gut_group,0,0.224,0,0.103,0.597,0,0.551,0,0,0.271,0.173,0,0.635,0.947,0.429,0.509,0.658,0.793,0.933,0.341,0.336,0.737,0.056,0.854
Ruminococcus_1,0.112,0.187,0.56,0,0.733,1.27,1.57,0.803,0.07,0.798,0.177,0.933,0.779,0.845,0.588,0.873,0.807,0.322,0.518,0.532,1.14,2.4,1.69,2.21
Akkermansia,0,7.65,2.07,0.0233,1.01,12.3,10.3,9.5,2.39,2.94,4.95,1.69,7.61,2.77,8.54,0.429,5.94,3.54,4.13,11,0.826,4.64,1.93,7.62
Blautia,3.47,0.0933,0.0327,0.014,0.0513,0.098,0.0373,0.205,8.15,0.098,0.07,0.289,0.07,0.028,0.0373,0.0327,0.0467,0.028,0.0747,0.145,0.0933,0.07,0.159,0.107
Oscillibacter,0,0.098,0.154,0,0.205,0.0327,0.266,0.14,0,0.107,0.196,0.177,0.14,0.233,0.289,0.149,0.159,0.233,0.322,0.275,0.196,0.173,0.252,0.247
Lachnospiraceae_FCS020_group,0.00933,0.0747,0.131,0,0.0607,0.0467,0.0653,0.056,0.0467,0.28,0.07,0.084,0.0793,0.159,0.0793,0.028,0.028,0.098,0.135,0.0327,0.0513,0.299,0.168,0.098
Ruminococcaceae_UCG-011,0,0.205,0.126,0.00933,0.238,0.229,0.0607,0.429,0,0.383,0.14,0.467,0.14,0.117,0.149,0.219,0.247,0.107,0.159,0.215,0.345,0.154,0.336,0.135
Lachnospiraceae_NC2004_group,0.014,0.593,0.238,0.00467,0.285,0.378,0.098,0.0607,0.014,0.098,0.457,0.103,0.107,0.131,0.145,0.042,0.042,0.112,0.131,0.107,0.0933,0.149,0.0467,0.07
Lachnospiraceae_UCG-008,0.0607,0.07,0.0653,0,0.187,0.07,0.261,0.131,7.06,0.229,0.0747,0.126,0.205,0.196,0.131,0.159,0.121,0.201,0.238,0.238,0.196,0.247,0.173,0.163
Tyzzerella_4,4.17,0.905,1.22,0.00467,0.658,0.952,0.728,0.7,0,1.5,0.938,0.663,0.518,1.18,0.303,0.392,0.681,1.16,1.89,1.72,0.947,0.733,1.09,1.47
Candidatus_Soleaferrea,0,0.392,0.331,0.00467,0.322,0.224,0.219,0.21,0,0.247,0.271,0.397,0.159,0.238,0.317,0.159,0.285,0.289,0.35,0.387,0.35,0.308,0.233,0.355
Thalassospira,0.00933,0.00933,0.121,0.00933,0.056,0.0233,0.135,0.014,0.257,0.00933,0.0187,0,0.0653,0.0607,0.303,0.0887,0.0233,0.0653,0.0187,0.0187,0.056,0.0233,0,0.0187
Ruminococcus_2,0.145,0.443,0.439,0,0.0793,0.0467,0.182,0.289,0.084,0.677,0.317,0.518,0.042,0.103,0.042,0.028,0.154,0.07,0.154,0.191,0.0607,0.0467,0.056,0.098
Barnesiella,0,0.191,0.0327,0,0.0933,0,0.0653,0,0.0187,0.0233,0.303,0,0.313,1.63,1.19,0.387,0.121,0.0747,1.16,0.0747,0.285,0.779,0.439,0.173
Ruminococcaceae_UCG-002,0.0933,0.989,1.13,0.0233,1.4,0.527,0.597,0.28,0.00467,0.812,0.695,0.308,0.868,0.905,1.26,0.994,2.05,1.37,0.994,1.1,3.23,0.896,2.28,1.32
Roseburia,0.0373,0.289,0.224,0.00467,0.336,0.364,0.275,0.457,0.07,0.719,0.476,0.597,1.22,1.16,0.103,1.19,0.565,0.322,0.971,1.08,0.322,0.448,0.709,0.49
Family_XIII_AD3011_group,0.042,0.509,0.299,0,0.597,0.21,0.299,0.187,0.233,0.485,0.261,0.299,0.149,0.266,0.182,0.168,0.271,0.313,0.401,0.359,0.401,0.299,0.243,0.313
Pseudobutyrivibrio,0.252,0.247,0.0467,0,0.196,0.173,0.0793,0.639,0.0747,0.275,0.462,0.261,0.331,0.177,0.0653,0.14,0.215,0.107,0.145,0.252,0.266,0.229,0.317,0.551
Ruminiclostridium_6,0,0.0653,0.159,0,0.0887,0.691,0.695,0.0887,0,0.215,0.0233,0.219,0.289,0.327,0.21,0.215,0.121,0.0513,0.07,0.07,0.0887,0.359,0.103,0.173
Atopobium,0.0747,0.373,0.0373,0.0747,0.014,0.0607,0.0373,0.107,0.569,0.308,0.163,0.0513,0.327,0.084,0.028,0.00467,0.07,0.0373,0.0793,0.07,0.0467,0.056,0.0607,0.266
Marvinbryantia,5.38,0.056,0.014,0,0.0187,0.0233,0.00467,0.0467,0.565,0.0607,0.0607,0.107,0.0187,0.0373,0.0233,0.0187,0.042,0.028,0.0233,0.0607,0.056,0.07,0.0327,0.098
Lachnoclostridium,3.63,0.0887,0.0887,0,0.121,0.0653,0.177,0.205,2.03,0.341,0.0513,0.308,0.0607,0.084,0.0467,0.322,0.07,0.042,0.07,0.154,0.0887,0.0793,0.0793,0.163
Ruminococcaceae_UCG-009,0.0607,0.546,0.303,0.00467,0.719,0.229,0.415,0.611,0,1.33,0.695,1.1,0.425,0.579,0.593,0.299,0.434,0.574,0.453,0.415,0.499,0.462,0.392,0.429
Treponema_2,0,0.014,0.0793,0.247,1.78,0,0.205,0,0.014,0.028,0.0187,0,0.163,0.177,0.625,0.00467,0.252,0.406,0.406,0.0653,0.523,0.695,0.00933,0.0187
Desulfovibrio,0,0.014,0.252,0,0.145,0.0467,0.107,0.00467,0.0187,0.0887,0.0187,0,0.961,0.775,0.513,0.411,0.103,0.551,0.905,0.275,0.177,0.0653,0.117,0.121
[Eubacterium]_brachy_group,0.0373,0.196,0.0653,0,0.0793,0.112,0.0327,0.0653,0,0.0513,0.14,0.0933,0.0467,0.0233,0.0327,0.0233,0.014,0.0607,0.0327,0.056,0.042,0.028,0.00933,0.0933
[Eubacterium]_oxidoreducens_group,0.00933,0.173,0.163,0,0.187,0.163,0.205,0.219,0,0.154,0.159,0.252,0.173,0.285,0.401,0.135,0.285,0.117,0.355,0.154,0.21,0.21,0.117,0.159
Ruminiclostridium_9,0.481,0.14,0.056,0,0.14,0.042,0.112,0.163,0.00933,0.201,0.117,0.28,0.084,0.177,0.201,0.0887,0.149,0.247,0.205,0.21,0.187,0.159,0.271,0.112
Lachnospiraceae_AC2044_group,0,0.233,0.392,0,1.42,1.76,0.457,0.705,0.00467,2.38,0.313,1.44,0.275,0.191,0.252,0.709,0.392,0.117,0.187,0.378,0.989,1.72,1.97,0.971
Phascolarctobacterium,0,0.168,1.12,0.00467,0.261,0,1.68,0.00467,0.014,0.807,0.21,0,1.2,1.68,1.12,0.901,1.16,1.2,1.32,0.252,1.79,1.88,0.0933,0.91
Defluviitaleaceae_UCG-011,0.159,0.0653,0.0933,0,0.154,0.07,0.07,0.0327,0.0653,0.028,0.126,0.0327,0.0467,0.0887,0.084,0.056,0.0513,0.145,0.0887,0.121,0.0607,0.0793,0.084,0.084
Senegalimassilia,0.0467,0.042,0.0373,0.0513,0.014,0.00933,0.0373,0.168,0.215,0.0513,0.042,0.014,0.00933,0.028,0.00933,0,0.028,0.0233,0.028,0.0233,0.0187,0.028,0.0373,0.0513
Papillibacter,0,0.0467,0.0513,0,0.126,0.0233,0.0373,0.0233,0,0.131,0.0327,0.00933,0.117,0.135,0.0933,0.0793,0.154,0.196,0.182,0.107,0.103,0.07,0.196,0.168
Coprococcus_3,0.00467,0.154,0.285,0,0.238,0.0933,0.317,0.084,0.107,0.919,0.224,0.131,0.107,0.247,0.112,0.131,0.145,0.205,0.425,0.345,0.518,0.243,0.355,0.448
Methanobrevibacter,1.84,1.46,1.19,0.443,0.723,0.826,0.947,2.13,1.93,0.322,2.22,1.93,0.467,5.97,0.551,0.383,1.34,1.02,0.0233,0.504,0.737,0.252,0.499,0.672
Ruminiclostridium_1,0.00467,0.537,0.247,0,0.187,0.448,0.243,0.177,0,0.803,0.695,0.261,0.443,0.0933,0.219,0.159,0.163,0.131,0.112,0.233,0.266,0.807,0.579,0.289
Hydrogenoanaerobacterium,0.0327,0.00933,0.00933,0,0,0.00933,0.0327,0,0,0.0327,0.0187,0.014,0.0747,0.14,0.0887,0.042,0.028,0.103,0.159,0.0747,0.0187,0.042,0.0373,0.0747
[Ruminococcus]_gauvreauii_group,0.0187,0.0747,0.00467,0.00933,0.014,0.0187,0.014,0.154,1.79,0.0467,0.0607,0.126,0.0187,0.00933,0.00467,0.0187,0.00933,0.00467,0.0187,0.0233,0.0233,0.00933,0.00467,0.0187
Intestinibacter,0,0.028,0.014,0.0187,0.103,0.266,0.014,0.0793,0.028,0.00467,0.028,0.0513,0.112,0.154,0.0607,0.191,0.177,0.121,0.131,0.0933,0.21,0.233,0.182,0.07
[Eubacterium]_nodatum_group,0.145,0.159,0.126,0.00467,0.261,0.056,0.177,0.135,0.0607,0.266,0.238,0.107,0.107,0.103,0.107,0.056,0.098,0.238,0.126,0.177,0.187,0.0887,0.275,0.131
Ruminococcaceae_UCG-004,0.0513,0.117,0.0747,0,0.261,0.098,0.131,0.154,0.0793,0.224,0.168,0.229,0.0513,0.131,0.126,0.0793,0.0653,0.163,0.247,0.107,0.229,0.168,0.121,0.117
Odoribacter,1.19,0.014,0.117,0.00467,0.098,0.0793,0.042,0,0.191,0.014,0.028,0,0.07,0.145,0.117,0.056,0.0327,0.07,0.0373,0.028,0.00933,0.0327,0,0.0373
Coprococcus_1,0.215,0.121,0.0467,0.014,0.098,0.0607,0.0747,0.0887,0.397,0.07,0.103,0.135,0.0233,0.042,0.0373,0.0653,0.07,0.0793,0.117,0.056,0.0933,0.0607,0.131,0.117
Asteroleplasma,0.0373,0.00933,0.00467,0,0,0,0.00467,0,0,0,0,0,0.014,0.042,0.145,0.028,0,0.028,0.0233,0.00467,0.00467,0,0,0
Lachnospiraceae_NK3A20_group,0.00933,0.0933,0.00933,0,0,0.014,0,0.107,0.345,0.028,0.0933,0.131,0,0.00467,0,0.00467,0,0.00467,0,0,0,0,0.00933,0.00467
Ruminococcaceae_UCG-003,0,0.00933,0.00933,0,0.028,0.00933,0.014,0,0,0.0233,0.00467,0.014,0,0.00933,0.0327,0,0.0373,0.0187,0.0467,0.0373,0.0233,0.00467,0.028,0.028
Butyricimonas,0,0.00467,0.00467,0,0.00933,0,0.00933,0,0,0,0,0,0.00933,0.0327,0.0187,0.00467,0.00467,0.0233,0.0373,0.0187,0.0233,0.00933,0,0
Family_XIII_UCG-001,0.00933,0.00933,0,0,0.042,0.0327,0.00933,0,0.028,0.0373,0,0.0187,0.014,0.00933,0.014,0.00933,0.014,0.0233,0.00467,0.00933,0.00467,0.00467,0.028,0.0373
Prevotella_1,0,0,0,0.00467,0,0,0,0.00467,0,0.149,0,0.014,0.429,0.07,0,0,0,0,0.0513,0.0373,0,0.0327,0,0.429
Anaeroplasma,0.117,0,0.00933,0,0.00933,0,0,0,0,0,0,0.0187,0.014,0.0467,0.00467,0.0467,0,0.00467,0,0,0,0,0,0
Intestinimonas,0.00467,0.028,0.0653,0,0.0653,0,0.0513,0.028,0,0.0607,0.00933,0.042,0.028,0.028,0.042,0.0327,0.056,0.042,0.07,0.0373,0.0793,0.028,0.0653,0.028
Dielma,0.551,0.0513,0.0233,0,0.098,0.00467,0.00467,0.0187,0,0.084,0.014,0.0327,0.0187,0.014,0.00933,0,0,0.00933,0.0187,0.056,0.00467,0,0,0.00467
Prevotellaceae_UCG-003,0,0.028,0,0,0.238,0,0,0,0,0.873,0.0233,0,1.12,0.229,0,0,0,0,0.439,0.145,0,0,0,0
Ruminococcaceae_UCG-007,0,0.014,0.0793,0,0.028,0.0373,0.0187,0.0187,0,0.042,0.014,0.0373,0.0467,0.0747,0.0653,0.154,0.201,0.135,0.084,0.056,0.126,0.07,0.285,0.187
[Anaerorhabdus]_furcosa_group,0.0607,0.117,0.0933,0,0.098,0.056,0.0327,0.00933,0.00467,0.0747,0.103,0.0653,0.0513,0.0747,0.07,0.0373,0.0933,0.042,0.084,0.173,0.0747,0.0187,0.028,0.0233
Incertae_Sedis,0.355,0.042,0.0513,0.434,0.107,0.121,0.107,0.117,0.014,0.196,0.056,0.121,0.168,0.112,0.0933,0.21,0.0467,0.028,0.0793,0.042,0.196,0.294,0.0653,0.0887
Terrisporobacter,0,0.243,0.056,0,0.0513,0.0327,0.0187,0.0373,0,0.0373,0.145,0.0373,0.0187,0.0373,0.0467,0.028,0.0373,0.0373,0.0467,0.0653,0.098,0.056,0.0747,0.0467
Peptococcus,0,0,0.00933,0,0,0,0.00933,0,0,0.00933,0,0,0,0.0747,0.014,0,0.0187,0,0.0327,0.0233,0.0187,0.014,0.00933,0.014
Methanosphaera,0.803,1.43,1.1,0.252,0.135,1.11,0.014,0.145,0.294,0.0747,1.19,0.266,0.0747,2.04,0.107,0.0933,0.112,0.0747,0,0.107,0.219,0.0233,0.0607,0.00933
Solobacterium,0.0933,0.117,0.00933,0.0187,0.0373,0.042,0.0187,0.098,0.541,0.0747,0.0933,0.0933,0,0.0233,0,0.00933,0,0.014,0.00467,0.014,0.00933,0.014,0.00467,0.00467
Syntrophococcus,0.0187,0.0187,0.014,0,0.00467,0.00933,0.00467,0.0513,0.145,0.0373,0.0467,0.0373,0.028,0.00467,0.00467,0.00467,0.00467,0.014,0.00933,0.0187,0.00933,0.00467,0.0327,0.0233
Succiniclasticum,0,0.327,0,0,0,0,0.014,0.0327,0,0.658,0.252,0.0607,0,0,0,0,0,0.0233,0,0,0.0747,0.00933,0,0.00467
Faecalibacterium,0.00933,0.0187,0.0233,0,0.0747,0,0.0513,0,0.00933,0.014,0.00933,0.0187,0.0187,0.042,0.00933,0.042,0.0467,0.0373,0.0327,0.0327,0.042,0.028,0.00933,0.0513
Enterorhabdus,0.00467,0.014,0.014,0.0187,0.0327,0.084,0.00467,0.0327,0.0327,0.042,0.00933,0.00933,0.028,0.00467,0.028,0.0233,0.121,0.0327,0.0327,0.14,0.0933,0.056,0.0373,0.182
Arthrobacter,0.00467,0.042,0.0467,47,0.219,9.36,0.00933,0.014,0.00467,0,0.00467,0.00933,0,0.00467,0.0187,0.00467,3.21,0.117,0.00467,0.0373,1.42,0.275,0.0187,0.261
Erysipelatoclostridium,0.359,0,0,0,0.00933,0.00467,0.00467,0.0187,0.00467,0.00933,0.00933,0.0233,0.0233,0.014,0.0373,0.0187,0.07,0.028,0.028,0.0513,0.00933,0.014,0,0.00467
Candidatus_Hepatincola,0,0.0933,0.0187,0,0.0513,0,0.014,0,0,0.0887,0.07,0,0.0607,0.00467,0,0.0187,0,0.00467,0.00933,0.028,0.00467,0,0,0.00467
Tyzzerella,0,0.00933,0.0233,0,0.042,0.0233,0.014,0.0187,0,0.0467,0.014,0.014,0.0233,0.0653,0.0933,0.0373,0.0187,0.0513,0.0887,0.0327,0.0467,0.0373,0.0373,0.042
Lachnospiraceae_UCG-004,0,0.0933,0.429,0.00467,0.98,0.00933,0.453,0.0187,0,0.177,0.0653,0.0653,0.224,0.112,0.135,0.168,0.154,0.103,0.0933,0.107,0.107,0.224,0.07,0.177
Anaerovorax,0.182,0.028,0.00933,0,0.014,0.00467,0.014,0.00933,0,0.084,0.00467,0.00933,0.0233,0.0887,0.098,0.056,0.0467,0.098,0.0747,0.07,0.0467,0.14,0.0467,0.056
[Eubacterium]_hallii_group,0,0.0747,0,0.00467,0.00467,0.028,0.00467,0.0373,0.0933,0.014,0.0607,0.0513,0.00933,0.00933,0.00467,0.00467,0,0.00467,0.00467,0.0187,0.0233,0.00933,0.0187,0.014
Lachnospiraceae_UCG-001,0.163,0.0467,0.07,0,0.229,0.0187,0.112,0.0793,0.182,0.247,0.0467,0.103,0.014,0.0233,0.0187,0.0327,0.0933,0.0607,0.0187,0.0653,0.0373,0.028,0.042,0.0513
Butyrivibrio,0,0.00933,0,0,0,0.042,0,0.098,0,0.107,0.00467,0.103,0.00933,0,0.00933,0.00933,0.00467,0,0.014,0,0.0187,0,0.00467,0.00467
Acetitomaculum,0.084,0,0,0,0.00467,0.014,0.00467,0.0233,0.0373,0.014,0,0.0467,0,0.00933,0,0.0187,0.0187,0,0.00933,0,0.00933,0.014,0.014,0.00467
Elusimicrobium,0,0.014,0,0,0,0,0.00467,0,0,0,0.00933,0.00467,0.0233,0.224,0.00467,0.0187,0,0.042,0.056,0,0.0327,0.00467,0,0.00467
Lachnospiraceae_UCG-002,0.028,0.0653,0.0327,0,0,0.0327,0.028,0.028,0.112,0.0653,0.0187,0.0327,0.014,0,0.0187,0.00933,0.028,0.0233,0.00933,0.014,0.0233,0.00467,0.0187,0.0513
Ruminococcaceae_UCG-008,0.303,0.00467,0.0373,0,0,0.00467,0.00467,0.00467,0.0187,0.00467,0,0,0,0.00933,0.0373,0.00933,0,0.00467,0.0187,0.00467,0,0.00933,0.0373,0
Ruminococcaceae_V9D2013_group,0,0,0.0187,0,0.0187,0.00467,0.0187,0,0,0.0187,0.00467,0.00467,0.0373,0.014,0.042,0.00933,0.00933,0.028,0.0327,0.00933,0.0653,0.00933,0.0233,0.0373
Collinsella,0,0,0,0,0,0.014,0.00467,0,0.00933,0.0373,0.00467,0.00467,0.00467,0.00467,0.014,0.00467,0.014,0.0187,0.00467,0.0327,0.042,0.00467,0.0187,0.0327
Erysipelotrichaceae_UCG-004,0.014,0,0.00467,0,0,0,0.00467,0.00467,0,0,0,0,0.00467,0.0187,0,0.00467,0,0,0,0,0,0,0,0
Solibacillus,0,0,0,7.21,0,0,0,0,0,0,0,0,0,0,0,0,0,0,0,0,0,0.00933,0,0
Eisenbergiella,0.028,0.0187,0.00933,0,0.0327,0,0.0513,0.00933,0.233,0.0747,0.00933,0.014,0.0467,0.0467,0.0327,0.042,0.0327,0.0327,0.0187,0.07,0.056,0.0373,0.07,0.0887
[Eubacterium]_ruminantium_group,0,0.00933,0.135,0,0.313,0.327,0.205,0.0187,0,0.0467,0.014,0.0327,0.285,0.112,0.07,0.103,0.135,0.00933,0.042,0.056,0.084,0.285,0.117,0.117
Ruminiclostridium,0,0,0.00933,0,0.00467,0,0.00933,0.0187,0,0.00467,0.00933,0.00467,0,0.0187,0.00933,0.00933,0.00467,0.0233,0.00467,0.00933,0.028,0.014,0,0.0233
Lachnoclostridium_10,0.275,0.042,0.0653,0,0.131,0.117,0.21,0.07,0,0.14,0.126,0.112,0.513,0.485,0.285,0.555,0.117,0.177,0.117,0.0887,0.121,0.42,0.196,0.177
Lachnospiraceae_XPB1014_group,0,0.0187,0.00467,0,0,0,0.014,0.0233,0.00933,0.103,0.098,0.0467,0,0,0,0,0,0.00467,0.00467,0.00933,0.014,0.014,0,0.014
Saccharofermentans,0.00467,0,0,0,0,0,0,0.0933,0,0.0327,0,0.145,0.00467,0.00933,0,0.014,0.00467,0.028,0.0233,0.00467,0.014,0.0513,0.0233,0.0187
Mogibacterium,0.0233,0.135,0.014,0.0233,0.00467,0.0233,0.00933,0.00933,0.0373,0.00467,0.028,0,0,0.00933,0,0,0,0.00933,0.014,0.00467,0.0187,0,0,0.00467
Selenomonas_1,0,0.0747,0,0,0.014,0,0.00467,0.261,0,0.135,0.154,0.177,0,0,0,0,0,0,0,0,0,0.0187,0,0
Coprococcus_2,0,0.00933,0.00467,0,0.163,0,0.168,0.0747,0,0.00467,0,0.0793,0.0327,0.084,0.0653,0.481,0.056,0.028,0.107,0.0233,0.0327,0.364,0.205,0.219
Clostridium_sensu_stricto_1,0,0.0187,0.0653,0.014,0.14,0.056,0.00933,0.00933,0.00933,0.084,0.00933,0.00467,0.056,0.0607,0.0327,0.0467,0.0187,0.0327,0.0327,0,0.0233,0.00933,0.00467,0
Flavonifractor,0.07,0.00467,0.0187,0.00467,0.131,0.056,0.00467,0.107,0.042,0.0233,0.00467,0.154,0,0,0.0233,0.0653,0.0653,0.00933,0,0,0.0233,0,0.0187,0.028
[Eubacterium]_ventriosum_group,0.168,0,0,0,0.014,0,0,0,0.00933,0.00467,0,0.00467,0,0.028,0.00933,0.00933,0,0.028,0.0513,0.00933,0,0.028,0,0.00933
Dorea,0,0.0653,0.0513,0.00467,0.0793,0.0467,0.0187,0.042,0,0.126,0.084,0.056,0.0513,0.0653,0.0607,0.0653,0.042,0.098,0.07,0.0513,0.0747,0.0887,0.084,0.0887
Oscillospira,0,0,0.0187,0,0.014,0.00467,0.00933,0.014,0,0.00467,0.00467,0.0187,0.107,0.103,0.0327,0.0327,0.0233,0.103,0.0513,0.14,0.0187,0.042,0.042,0.028
Family_XIII_UCG-002,0,0.00933,0.00933,0,0.0187,0.0187,0.00933,0.00933,0,0,0.0373,0.014,0.00933,0.00467,0.0187,0.00933,0.00467,0.0187,0.014,0.028,0.0233,0.00467,0,0.0187
Staphylococcus,0.00933,0.103,0,1.92,0.00467,0,0,0,0,0,0,0,0,0,0,0,0,0,0,0,0,0,0,0
Bacillus,0,0,0,0.219,0,0,0,0,0,0,0,0,0,0,0,0,0,0.00467,0,0,0,0,0,0
Pseudomonas,0.00467,0.00933,0,4.65,0,0,0,0,0,0,0,0.014,0,0,0,0,0.00933,0,0,0,0,0,0,0
Corynebacterium_1,0,0.014,0,0.373,0,0,0,0,0,0,0,0,0,0,0,0,0,0,0,0,0,0,0,0
Lachnospiraceae_NK4B4_group,0,0.00933,0.00467,0,0.014,0.042,0.00933,0.0187,0,0.0187,0.00467,0.014,0,0,0,0.0747,0.00933,0.014,0,0,0.0373,0.117,0.0887,0.028
Lysinibacillus,0,0,0,1.52,0,0,0,0,0,0,0,0,0,0,0,0,0,0,0,0,0,0,0,0
Caldicoprobacter,0,0,0.014,0,0,0,0,0,0,0,0,0,0,0.00467,0.00933,0.00467,0.00467,0,0,0,0.00933,0.00933,0.00467,0
Lachnospira,0,0,0,0,0.0187,0,0,0.00467,0,0,0,0,0.107,0.028,0.0187,0.00467,0.0187,0.028,0,0,0.00933,0.0467,0.0233,0.014
Prevotellaceae_UCG-001,0,0,0,0.00467,0,0,0.00467,0,0,0,0,0,0.448,0.131,0,0,0,0,0.14,0,0,0,0,0
Candidatus_Stoquefichus,0.028,0,0.00467,0,0,0,0,0,0.0793,0,0,0,0.014,0,0.00467,0.00467,0.00467,0,0,0.014,0,0.00467,0.014,0
Victivallis,0,0,0,0,0,0,0.00467,0,0,0,0,0,0.00467,0,0.014,0.0187,0,0.014,0.014,0.00467,0,0,0,0
Nocardioides,0,0,0,0.373,0,0,0,0,0,0,0,0,0,0,0,0,0,0,0,0,0,0,0,0
Achromobacter,0.00467,0.0513,0.00467,0.397,0,0.00933,0,0,0.00467,0,0,0,0,0,0,0,0,0,0.00467,0,0,0,0,0.00467
hoa5-07d05_gut_group,0,0,0.00467,0,0,0.00467,0,0,0,0,0,0,0,0,0.00467,0,0,0,0,0,0,0.0327,0,0
Parvibacter,0,0,0,0,0,0,0,0,0,0,0,0,0,0.00467,0.00467,0,0.00933,0,0,0,0,0.00467,0,0.00467
Bilophila,0,0,0.0327,0,0.00467,0,0,0,0,0,0,0,0.00933,0.014,0.00933,0,0,0.00467,0.00933,0,0,0,0,0
Butyrivibrio_2,0,0.00467,0,0,0,0,0.042,0.0793,0,0.00467,0.014,0.00467,0,0,0,0.00467,0,0.00467,0,0.0187,0.0513,0.0793,0,0
Devosia,0,0,0,0.425,0,0,0,0,0,0,0,0,0,0,0,0,0,0,0,0,0,0,0,0
Microbacterium,0,0,0,0.294,0,0.00467,0,0.00467,0,0.00467,0,0,0,0.00933,0,0,0,0,0,0,0.00467,0,0,0.00933
Anaerofustis,0,0.00933,0,0,0.0187,0.00467,0,0.00467,0.00467,0,0,0.00467,0.00467,0.00933,0,0.00933,0.00933,0,0,0.014,0.00933,0,0,0.00467
Ruminococcaceae_UCG-001,0.042,0,0,0,0,0,0,0,0,0.00467,0,0,0.00467,0,0,0,0,0,0,0,0,0,0,0
Lachnospiraceae_ND3007_group,0,0.014,0,0,0.00467,0.0187,0.00467,0.0233,0,0.014,0.00467,0.0187,0.014,0.0187,0,0.0233,0.014,0.028,0.0327,0.014,0.014,0.0187,0.028,0.00933
Enterococcus,0,0.00467,0,0,0,0.275,0,0,0,0,0,0,0,0,0,0.00467,0.0187,0,0,0,0,0,0,0
Shuttleworthia,0,0.0233,0,0,0,0,0,0.0233,0,0.014,0,0.0233,0,0,0,0,0,0.00933,0,0.00467,0,0.00467,0,0
Rhodococcus,0,0,0,8.54,0,0,0.00467,0,0,0,0,0,0,0,0,0,0,0,0,0,0.00467,0,0,0
Dietzia,0,0,0,0.145,0,0,0,0,0,0,0,0,0,0,0,0,0,0,0,0,0,0,0,0
Candidatus_Captivus,0,0.028,0,0,0.00467,0,0,0,0,0.00467,0.00933,0,0.00467,0.00467,0.00933,0.00467,0,0,0.0187,0,0.00467,0,0.00467,0.00467
Prevotellaceae_Ga6A1_group,0,0,0,0,0.014,0,0,0,0,0,0,0,0,0,0.098,0,0,0,0,0,0,0,0,0
Sporobacter,0,0.00467,0,0,0,0,0,0,0,0,0,0,0,0,0.00933,0.00933,0.014,0.00467,0.00467,0,0,0,0,0
Streptococcus,0.0233,0.103,0.0187,0.224,0.0233,0.014,0.0233,0.00933,0.014,0.0373,0.0373,0.0187,0.00467,0.00467,0,0.00467,0.00467,0.0187,0.00467,0,0.00467,0.014,0,0.00467
Sanguibacter,0,0,0,0.229,0,0,0,0.00467,0,0,0,0,0,0,0,0,0,0,0,0,0,0,0,0
Catenibacterium,0,0,0.028,0,0.00467,0,0,0,0,0,0,0.00467,0.00933,0.00467,0.0187,0,0.00467,0,0,0,0,0,0,0
Lachnospiraceae_UCG-010,0,0,0,0,0,0,0,0,0,0.014,0.028,0,0,0.00467,0,0.00467,0,0,0.00467,0.00933,0,0.0187,0.00467,0.00467
Erysipelotrichaceae_UCG-009,0,0,0.00933,0,0,0,0,0.00467,0,0.056,0.014,0.014,0.00467,0,0,0,0,0,0.014,0.00933,0,0,0,0
Alloprevotella,0,0,0,0,0,0,0,0,0,0,0,0,0.0233,0,0,0,0,0,0,0,0,0,0,0
Methanocorpusculum,0,0,0,0,0.00933,0,0,0,0,0,0,0,0,0.705,0,0.056,0.00467,0,0.00933,0,0.593,0.00933,0,0.121
Moryella,0,0,0.00467,0,0.0327,0.00467,0.00467,0.028,0,0.0187,0,0.0887,0.0233,0.0373,0.00933,0.00467,0.00933,0.00933,0.042,0.0187,0.00933,0.00933,0.0373,0.0373
Tyzzerella_3,0,0,0,0,0,0,0,0,0,0,0,0.028,0,0.00933,0,0,0,0,0,0,0,0,0,0
Erysipelotrichaceae_UCG-001,0,0,0.00467,0,0.00467,0.0233,0,0,0.00467,0,0.00933,0,0,0.00467,0,0,0,0,0,0,0,0,0,0
Erysipelotrichaceae_UCG-010,0,0,0,0,0,0,0,0,0.327,0,0,0,0,0,0,0,0,0,0,0,0,0,0,0
Howardella,0.00933,0,0,0.00467,0,0,0,0,0,0,0.00467,0,0,0.00467,0,0,0,0,0,0.00467,0.00467,0,0.00933,0.00467
Halomonas,0.00933,0.0187,0.014,0.00467,0.00933,0.0233,0,0,0,0,0,0,0,0,0,0,0.00467,0,0,0,0,0,0,0
Georgenia,0,0,0,0.247,0,0,0,0,0,0,0,0,0,0,0,0,0,0,0,0,0,0,0,0
Hungatella,0.467,0,0,0,0,0,0,0,0.117,0,0,0,0,0,0,0,0,0,0,0,0,0,0.00467,0
Faecalitalea,0.0933,0,0,0,0,0,0,0,0.63,0,0,0,0,0,0,0,0,0,0,0,0,0,0,0
Acinetobacter,0,0,0,4,0,0,0,0,0,0,0,0,0,0,0,0,0,0,0,0,0,0,0,0
Fibrobacter,0,0,0,0,0.191,0,0,0,0,0.0607,0,0,5.36,0.868,0,0,0,0,0.341,0,0,0,0,0
Mucispirillum,0,0,0.00933,0,0.0187,0,0,0,0,0,0,0,0,0.00467,0,0,0,0,0,0.00933,0.0233,0.00467,0,0
Succinivibrio,0,0.00467,0,0,0.00467,0,0.0187,0.014,0,0,0,0,0,0,0.00933,0.00933,0.00467,0,0,0,0.0187,0.028,0,0
Anaerostipes,0,0.00467,0,0,0,0.00467,0,0.014,0.667,0.00467,0,0,0,0,0,0.00467,0.00933,0,0,0.014,0,0.00933,0,0.014
Parabacteroides,0,0,0,0.00467,0.014,0,0.00467,0,0,0.0187,0,0,0.014,0.056,0,0,0.042,0.0373,0.056,0.07,0,0,0,0.0233
Oxalobacter,0,0,0.07,0,0.00933,0,0.014,0,0,0,0,0,0,0.00933,0.00933,0,0,0,0.014,0.07,0.028,0.014,0.00467,0.00467
Noviherbaspirillum,0,0,0,0,0,0,0,0,0,0.00467,0,0,0,0,0,0,0,0,0,0,0,0,0,0
Peptoclostridium,0,0.028,0,0.0187,0.0467,0.0233,0,0.0513,0,0,0.00467,0.103,0.00933,0.0513,0,0.135,0.0747,0.098,0.042,0.0233,0.0653,0.107,0.168,0.0467
Bryobacter,0,0,0,1.61,0,0,0,0,0,0,0,0,0,0,0,0,0,0,0,0,0,0,0,0
Subdoligranulum,0,0,0,0,0,0,0,0,0,0,0,0,0,0,0,0,0.00467,0,0,0,0,0,0,0
Aeromicrobium,0,0,0,0.07,0,0.00467,0,0,0,0,0,0,0,0,0,0,0,0,0,0,0,0,0,0
unidentified,0,0,0,0,0,0,0,0,0,0,0,0,0.014,0.014,0.028,0.028,0,0.00467,0.014,0,0.00467,0.014,0,0.00467
Blastococcus,0,0,0,0.056,0,0.00467,0,0,0.00933,0,0,0,0,0,0,0,0,0.00467,0,0.00467,0,0,0.00933,0
p-1088-a5_gut_group,0,0,0,0,0,0,0,0,0,0,0,0,0.00933,0,0,0,0.014,0.00467,0,0.00933,0,0.00467,0,0
bacterium_ID4391,0,0,0,3.56,0,0,0,0,0,0,0,0,0,0,0,0,0.00467,0,0,0,0,0,0,0
Sutterella,0,0,0,0,0,0,0.00933,0,0,0,0,0,0.00933,0,0,0.00933,0,0,0,0,0,0,0,0
Azospirillum,0.00933,0.0747,0,0.00933,0,0,0,0,0,0,0,0,0,0,0,0,0,0,0,0,0,0,0,0
Slackia,0.00467,0,0,0,0,0,0,0.00467,0.00467,0,0,0,0.00933,0,0,0,0,0,0,0,0,0.00467,0,0
Anaerosporobacter,0,0,0.014,0,0,0,0,0,0,0.00933,0,0,0,0,0,0,0,0,0,0,0,0,0,0
Terrimonas,0.00467,0.014,0,0,0,0,0,0,0,0,0,0,0,0,0,0,0,0,0,0,0,0,0,0
Bifidobacterium,0,0,0,0,0,0,0,0,0,0,0,0,0,0,0,0,0,0,0,0,0,0,0,0
Turicibacter,0,0.00467,0,0.0187,0.0467,0.0327,0.00467,0.0233,0.00467,0.00933,0.00933,0.056,0.0187,0.0187,0.0653,0.0327,0.0373,0.00933,0.014,0,0.0233,0.00467,0.0233,0.00467
Sphingomonas,0,0,0,0.098,0,0,0,0,0,0,0,0,0,0,0,0,0,0,0,0,0,0,0,0
Taibaiella,0.014,0.0653,0,0,0,0,0,0,0,0,0,0,0,0,0,0,0,0,0,0,0,0,0,0
Schwartzia,0,0,0,0,0,0,0,0,0,0.014,0,0,0,0,0,0,0,0,0,0,0,0,0,0
Syntrophomonas,0,0,0,0,0,0,0,0,0,0,0,0,0,0.00467,0,0,0,0.00467,0.00467,0,0,0,0,0
Weissella,0.014,0.0887,0,0,0,0,0,0,0,0,0,0,0,0,0,0,0,0,0,0,0,0,0,0
Anaerofilum,0.014,0.00933,0.00467,0,0.00933,0.00467,0,0,0,0.0233,0.014,0.014,0,0,0,0,0,0,0,0,0,0,0.014,0
Streptobacillus,0,0,0,0,0,0,0,0,0,0,0,0,0,0,0,0,0,0,0,0,0,0,0,0
Methylobacterium,0,0,0,0,0,0,0,0,0.014,0,0.014,0.0187,0,0,0,0,0,0,0,0,0,0,0,0
Microbacter,0,0,0,0,0,0,0,0,0,0.00467,0,0,0,0.0467,0,0,0,0,0.00467,0,0,0,0,0
Methanimicrococcus,0,0,0,0,0,0,0,0,0,0,0,0,0,0.0373,0,0,0,0,0,0,0,0,0,0
Erysipelotrichaceae_UCG-008,0,0,0,0,0,0.00467,0.014,0,0,0,0.00467,0.00467,0,0,0,0,0.00467,0,0,0.00933,0,0,0,0
Massilia,0,0,0,0,0,0,0,0,0,0,0,0,0,0,0,0,0,0,0,0,0,0,0,0
Microcoleus,0,0,0,0,0.014,0,0,0,0,0,0,0,0,0,0,0,0,0,0,0,0,0,0.00467,0
Mycoplasma,0,0,0,0,0,0,0,0,0,0,0,0,0,0,0,0.0747,0,0,0,0,0,0,0,0
Natranaerovirga,0,0,0,0,0,0,0,0,0,0,0,0,0,0.00467,0.00467,0.00467,0,0,0,0,0,0,0,0
Mycobacterium,0,0.0373,0,0,0,0,0,0,0,0.00467,0,0,0,0.00467,0.00467,0,0,0,0,0,0,0,0,0
Mobilitalea,0,0,0,0,0,0,0,0,0,0,0,0,0,0,0,0,0,0,0,0,0,0,0,0
Mumia,0,0,0,0.0327,0,0,0,0,0,0,0,0,0,0,0,0,0,0,0,0,0,0,0,0
Lachnospiraceae_UCG-005,0,0,0,0,0,0,0,0,0,0,0,0,0,0.00467,0.00467,0,0,0,0,0,0,0,0,0
Gordonibacter,0,0.00467,0.00467,0.028,0.028,0.0187,0,0.00933,0,0.00933,0,0.00467,0,0.00467,0.00467,0,0,0.00467,0.00467,0,0,0,0,0.014
Fusicatenibacter,0,0,0,0,0,0,0,0,0.0607,0,0.00467,0.00467,0,0,0,0,0,0,0,0,0,0,0,0.00467
Geobacillus,0,0,0,0,0,0,0,0,0,0,0,0,0,0,0.00467,0.00467,0,0,0,0,0,0,0,0
Gelria,0,0,0,0,0,0,0,0,0,0,0,0,0.0187,0.098,0.0513,0.0747,0,0.0467,0,0,0,0.00467,0,0
Gemella,0,0,0,0,0,0,0,0,0.014,0,0.00933,0,0,0,0,0,0,0,0,0,0,0,0,0
Fusibacter,0,0,0,0.803,0,0,0,0,0,0,0,0,0,0,0,0,0,0,0,0,0,0,0,0
Lachnoclostridium_5,0,0.00467,0.0187,0,0.0327,0.00467,0.0187,0.0373,0,0.00933,0.00467,0.0327,0.0327,0.0327,0.056,0.0607,0,0.042,0.028,0.028,0.014,0.0187,0.014,0.0187
Escherichia-Shigella,0,0.084,0.042,0.63,0,0.0327,0,0,0.00467,0.00933,0.042,0,0,0.103,0.341,0,0.042,0,0.0793,0,1.18,0.308,1.83,0.0467
Lachnoclostridium_12,0,0,0,0,0,0,0,0,0,0,0,0,0.00933,0,0,0.0887,0,0.00933,0,0,0.014,0.00467,0.014,0
Fretibacterium,0,0,0,0,0,0.00467,0,0.00467,0,0,0,0.028,0,0,0,0,0,0,0,0,0,0,0,0
Kocuria,0,0,0,2.52,0,0.00467,0,0,0,0,0,0,0,0.00933,0,0,0,0,0,0,0.00467,0,0,0
Nesterenkonia,0,0,0,0.191,0,0,0,0,0,0,0,0,0,0,0,0,0,0,0,0,0,0,0,0
Delftia,0,0,0,0,0,0,0,0,0,0,0,0,0,0.00933,0,0,0,0,0,0,0,0,0,0
Romboutsia,0.028,0.0933,0.00467,0.00467,0,0.0467,0.00933,0,0.0887,0,0.0513,0,0,0,0,0,0,0,0,0,0,0.00467,0,0
Rikenella,0,0,0,0,0,0,0,0,0,0,0,0,0,0,0,0,0,0,0,0,0,0,0,0
Ralstonia,0,0,0,0.0233,0,0,0,0,0,0,0,0,0,0,0,0,0,0,0,0,0,0,0,0
Rhizobium,0,0.00467,0,0,0,0,0,0,0,0,0,0,0,0,0,0,0,0,0,0,0,0,0,0
Roseomonas,0,0,0,0.233,0,0,0,0,0,0,0,0,0,0,0,0,0,0,0,0,0,0,0,0
Butyricicoccus,0.201,0,0,0,0,0,0,0,0,0,0,0,0,0,0,0,0,0,0,0,0,0,0,0
Burkholderia,0,0,0,0,0.00933,0,0,0,0,0.00467,0,0,0,0.00467,0,0,0.00467,0,0,0.00467,0.014,0,0,0
Campylobacter,0,0,0,0,0,0,0,0,0,0,0,0,0,0,0,0,0,0,0,0,0,0,0,0
Cellulosimicrobium,0,0,0,0.0373,0,0,0,0,0,0,0,0,0,0,0,0,0,0,0,0,0,0,0,0
Cellulomonas,0,0,0,0.77,0,0,0,0,0,0,0,0,0,0,0,0,0,0,0,0,0,0,0,0
Pseudobacteroides,0,0.00933,0,0,0.00467,0.00467,0,0,0,0.00467,0.0187,0,0.00467,0,0,0.0187,0.014,0.0187,0.00467,0.0793,0.0653,0,0,0.00933
Paenibacillus,0,0.00933,0,0,0,0,0,0,0,0,0,0,0,0,0,0,0,0,0,0,0,0,0,0
Parasegetibacter,0.014,0.0187,0,0,0,0,0,0,0,0,0,0,0,0,0,0,0,0,0,0,0,0,0,0
Olsenella,0.00933,0,0.00467,0,0,0.00467,0.00933,0.014,0.0233,0,0.00933,0,0,0,0,0,0.00933,0,0.00467,0,0,0,0,0
Nitrosomonas,0,0,0.014,0,0.014,0,0,0,0,0,0,0,0,0.00467,0,0,0,0,0.00467,0,0,0.00467,0,0
Erysipelothrix,0,0,0,0,0,0,0,0,0,0.00467,0,0,0,0,0,0.00933,0,0,0,0,0,0,0,0.00933
Peptostreptococcus,0,0,0,0,0,0.00467,0,0,0.00467,0,0.014,0,0,0,0,0,0,0,0,0,0,0,0,0
Prevotellaceae_YAB2003_group,0,0,0,0.00467,0.00933,0,0,0.135,0,0.00467,0.00467,0.0233,0,0,0,0,0,0,0,0,0,0.00467,0,0
Proteus,0,0,0,0,0,0,0,0,0,0,0,0,0,0,0,0,0,0,0,0,0,0,0,0
Dialister,0,0,0,0,0,0,0,0,0.00467,0,0,0.014,0,0,0,0,0,0,0,0,0,0,0,0
Planomicrobium,0,0,0,0.457,0.00467,0,0,0.00933,0,0,0,0,0,0,0,0,0.00467,0,0,0,0,0,0,0
Prevotella_7,0,0,0,0,0,0.028,0,0,0.0187,0,0.00467,0.00467,0,0,0,0,0,0,0,0,0,0,0,0
